Tube Line,From Station,To Station
Bakerloo,Harrow and Wealdstone,Kenton
Bakerloo,Warwick Avenue,Paddington
Bakerloo,Edgware Road (Bakerloo),Marylebone
Bakerloo,Marylebone,Baker Street
Bakerloo,Baker Street,Regents Park
Bakerloo,Regents Park,Oxford Circus
Bakerloo,Oxford Circus,Piccadilly Circus
Bakerloo,Piccadilly Circus,Charing Cross
Bakerloo,Charing Cross,Embankment
Bakerloo,Embankment,Waterloo
Bakerloo,Waterloo,Lambeth North
Bakerloo,Lambeth North,Elephant and Castle
Bakerloo,Maida Vale,Warwick Avenue
Bakerloo,Kilburn Park,Maida Vale
Bakerloo,Kenton,South Kenton
Bakerloo,South Kenton,North Wembley
Bakerloo,North Wembley,Wembley Central
Bakerloo,Wembley Central,Stonebridge Park
Bakerloo,Stonebridge Park,Harlesden
Bakerloo,Paddington,Edgware Road (Bakerloo)
Bakerloo,Harlesden,Willesden Junction
Bakerloo,Willesden Junction,Kensal Green
Bakerloo,Kensal Green,Queens Park
Bakerloo,Queens Park,Kilburn Park
Central,East Acton,North Acton
Central,North Acton,West Acton
Central,West Acton,Ealing Broadway
Central,North Acton,Hanger Lane
Central,Hanger Lane,Perivale
Central,Perivale,Greenford
Central,Greenford,Northolt
Central,Northolt,South Ruislip
Central,South Ruislip,Ruislip Gardens
Central,Ruislip Gardens,West Ruislip
Central,Wanstead,Redbridge
Central,White City,East Acton
Central,Shepherds Bush,White City
Central,Holland Park,Shepherds Bush
Central,Grange Hill,Chigwell
Central,Hainault,Grange Hill
Central,Fairlop,Hainault
Central,Barkingside,Fairlop
Central,Newbury Park,Barkingside
Central,Gants Hill,Newbury Park
Central,Redbridge,Gants Hill
Central,Leytonstone,Wanstead
Central,Snaresbrook,Leytonstone
Central,South Woodford,Snaresbrook
Central,Woodford,South Woodford
Central,Buckhurst Hill,Woodford
Central,Loughton,Buckhurst Hill
Central,Debden,Loughton
Central,Theydon Bois,Debden
Central,Chigwell,Roding Valley
Central,Leytonstone,Leyton
Central,Leyton,Stratford
Central,Notting Hill Gate,Holland Park
Central,Queensway,Notting Hill Gate
Central,Lancaster Gate,Queensway
Central,Marble Arch,Lancaster Gate
Central,Bond Street,Marble Arch
Central,Oxford Circus,Bond Street
Central,Tottenham Court Road,Oxford Circus
Central,Holborn,Tottenham Court Road
Central,Chancery Lane,Holborn
Central,St. Pauls,Chancery Lane
Central,Bank,St. Pauls
Central,Liverpool Street,Bank
Central,Bethnal Green,Liverpool Street
Central,Mile End,Bethnal Green
Central,Stratford,Mile End
Central,Epping,Theydon Bois
Circle,St. James's Park,Victoria
Circle,Westminster,St. James's Park
Circle,Kings Cross St. Pancras,Farringdon
Circle,Euston Square,Kings Cross St. Pancras
Circle,Great Portland Street,Euston Square
Circle,Baker Street,Great Portland Street
Circle,Edgware Road (Circle/District/Hammersmith and City),Baker Street
Circle,Cannon Street,Mansion House
Circle,Mansion House,Blackfriars
Circle,Gloucester Road,High Street Kensington
Circle,High Street Kensington,Notting Hill Gate
Circle,Farringdon,Barbican
Circle,Barbican,Moorgate
Circle,Moorgate,Liverpool Street
Circle,Victoria,Sloane Square
Circle,Sloane Square,South Kensington
Circle,South Kensington,Gloucester Road
Circle,Embankment,Westminster
Circle,Temple,Embankment
Circle,Blackfriars,Temple
Circle,Tower Hill,Monument
Circle,Aldgate,Tower Hill
Circle,Liverpool Street,Aldgate
Circle,Notting Hill Gate,Bayswater
Circle,Bayswater,Paddington
Circle,Westbourne Park,Royal Oak
Circle,Monument,Cannon Street
Circle,Ladbroke Grove,Westbourne Park
Circle,Latimer Road,Ladbroke Grove
Circle,Wood Lane,Latimer Road
Circle,Shepherds Bush Market,Wood Lane
Circle,Goldhawk Road,Shepherds Bush Market
Circle,Royal Oak,Paddington
Circle,Hammersmith (Met.),Goldhawk Road
Circle,Paddington,Edgware Road (Circle/District/Hammersmith and City)
District,Ealing Common,Ealing Broadway
District,Parsons Green,Putney Bridge
District,Fulham Broadway,Parsons Green
District,West Brompton,Fulham Broadway
District,Earls Court,West Brompton
District,Earls Court,Kensington (Olympia)
District,Paddington,Edgware Road (Circle/District/Hammersmith and City)
District,Bayswater,Paddington
District,Notting Hill Gate,Bayswater
District,High Street Kensington,Notting Hill Gate
District,Earls Court,High Street Kensington
District,Gloucester Road,Earls Court
District,South Kensington,Gloucester Road
District,Sloane Square,South Kensington
District,Putney Bridge,East Putney
District,East Putney,Southfields
District,Acton Town,Ealing Common
District,Chiswick Park,Acton Town
District,Kew Gardens,Richmond
District,Gunnersbury,Kew Gardens
District,Turnham Green,Gunnersbury
District,Stamford Brook,Turnham Green
District,Ravenscourt Park,Stamford Brook
District,Hammersmith (District),Ravenscourt Park
District,Barons Court,Hammersmith (District)
District,West Kensington,Barons Court
District,Earls Court,West Kensington
District,Wimbledon Park,Wimbledon
District,Southfields,Wimbledon Park
District,Victoria,Sloane Square
District,St. James's Park,Victoria
District,Westminster,St. James's Park
District,Upton Park,Plaistow
District,East Ham,Upton Park
District,Barking,East Ham
District,Upney,Barking
District,Becontree,Upney
District,Dagenham Heathway,Becontree
District,Dagenham East,Dagenham Heathway
District,Elm Park,Dagenham East
District,Hornchurch,Elm Park
District,Upminster Bridge,Hornchurch
District,Upminster,Upminster Bridge
District,Turnham Green,Chiswick Park
District,Plaistow,West Ham
District,West Ham,Bromley-by-Bow
District,Bromley-by-Bow,Bow Road
District,Embankment,Westminster
District,Temple,Embankment
District,Blackfriars,Temple
District,Mansion House,Blackfriars
District,Cannon Street,Mansion House
District,Monument,Cannon Street
District,Tower Hill,Monument
District,Aldgate East,Tower Hill
District,Whitechapel,Aldgate East
District,Stepney Green,Whitechapel
District,Bow Church,Stepney Green
District,Bow Road,Bow Church
DLR,London City Airport,King George V
DLR,King George V,Woolwich Arsenal
DLR,Pontoon Dock,London City Airport
DLR,Cyprus,Gallions Reach
DLR,Gallions Reach,Beckton
DLR,Stratford,Stratford High Street
DLR,Devons Road,Langdon Park
DLR,Blackwall,East India
DLR,Abbey Road,West Ham
DLR,West Ham,Star Lane
DLR,Star Lane,Canning Town
DLR,Canning Town,West Silvertown
DLR,West Silvertown,Pontoon Dock
DLR,Custom House,Prince Regent
DLR,Beckton Park,Cyprus
DLR,Royal Albert,Beckton Park
DLR,Elverson Road,Lewisham
DLR,Deptford Bridge,Elverson Road
DLR,Greenwich,Deptford Bridge
DLR,Shadwell,Bank
DLR,Island Gardens,Cutty Sark for Maritime Greenwich
DLR,Mudchute,Island Gardens
DLR,Crossharbour and London Arena,Mudchute
DLR,East India,Canning Town
DLR,Canning Town,Royal Victoria
DLR,Royal Victoria,Custom House
DLR,Prince Regent,Royal Albert
DLR,Stratford High Street,Abbey Road
DLR,Poplar,Blackwall
DLR,Cutty Sark for Maritime Greenwich,Greenwich
DLR,South Quay,Crossharbour and London Arena
DLR,Heron Quays,South Quay
DLR,Canary Wharf,Heron Quays
DLR,West India Quay,Canary Wharf
DLR,Poplar,West India Quay
DLR,Shadwell,Tower Gateway
DLR,Westferry,Limehouse
DLR,Poplar,Westferry
DLR,All Saints,Poplar
DLR,Stratford International,Stratford
DLR,Stratford,Pudding Mill Lane
DLR,Pudding Mill Lane,Bow Church
DLR,Bow Church,Devons Road
DLR,Limehouse,Shadwell
DLR,Langdon Park,All Saints
Hammersmith and City,Latimer Road,Ladbroke Grove
Hammersmith and City,Wood Lane,Latimer Road
Hammersmith and City,Shepherds Bush Market,Wood Lane
Hammersmith and City,Goldhawk Road,Shepherds Bush Market
Hammersmith and City,Upton Park,East Ham
Hammersmith and City,Hammersmith (Met.),Goldhawk Road
Hammersmith and City,Kings Cross St. Pancras,Farringdon
Hammersmith and City,Ladbroke Grove,Westbourne Park
Hammersmith and City,Westbourne Park,Royal Oak
Hammersmith and City,Royal Oak,Paddington
Hammersmith and City,Plaistow,Upton Park
Hammersmith and City,West Ham,Plaistow
Hammersmith and City,Bromley-by-Bow,West Ham
Hammersmith and City,Bow Road,Bromley-by-Bow
Hammersmith and City,Mile End,Bow Road
Hammersmith and City,Stepney Green,Mile End
Hammersmith and City,Whitechapel,Stepney Green
Hammersmith and City,Aldgate East,Whitechapel
Hammersmith and City,Liverpool Street,Aldgate East
Hammersmith and City,Moorgate,Liverpool Street
Hammersmith and City,Barbican,Moorgate
Hammersmith and City,Farringdon,Barbican
Hammersmith and City,Euston Square,Kings Cross St. Pancras
Hammersmith and City,Great Portland Street,Euston Square
Hammersmith and City,Baker Street,Great Portland Street
Hammersmith and City,Edgware Road (Circle/District/Hammersmith and City),Baker Street
Hammersmith and City,Paddington,Edgware Road (Circle/District/Hammersmith and City)
Hammersmith and City,East Ham,Barking
Jubilee,Queensbury,Kingsbury
Jubilee,Westminster,Waterloo
Jubilee,Southwark,London Bridge
Jubilee,London Bridge,Bermondsey
Jubilee,Bermondsey,Canada Water
Jubilee,Canada Water,Canary Wharf
Jubilee,Canary Wharf,North Greenwich
Jubilee,North Greenwich,Canning Town
Jubilee,Canning Town,West Ham
Jubilee,West Ham,Stratford
Jubilee,Canons Park,Queensbury
Jubilee,Stanmore,Canons Park
Jubilee,Waterloo,Southwark
Jubilee,Green Park,Westminster
Jubilee,Bond Street,Green Park
Jubilee,Kingsbury,Wembley Park
Jubilee,Wembley Park,Neasden
Jubilee,Neasden,Dollis Hill
Jubilee,Dollis Hill,Willesden Green
Jubilee,Willesden Green,Kilburn
Jubilee,Kilburn,West Hampstead
Jubilee,West Hampstead,Finchley Road
Jubilee,Finchley Road,Swiss Cottage
Jubilee,Swiss Cottage,St. Johns Wood
Jubilee,St. Johns Wood,Baker Street
Jubilee,Baker Street,Bond Street
Metropolitan,Finchley Road,Wembley Park
Metropolitan,West Harrow,Eastcote
Metropolitan,Chalfont and Latimer,Amersham
Metropolitan,Chorleywood,Chalfont and Latimer
Metropolitan,Chalfont and Latimer,Chesham
Metropolitan,Eastcote,Ruislip Manor
Metropolitan,Ruislip Manor,Ruislip
Metropolitan,Ruislip,Ickenham
Metropolitan,Ickenham,Hillingdon
Metropolitan,Hillingdon,Uxbridge
Metropolitan,Harrow-on-the-Hill,North Harrow
Metropolitan,North Harrow,Pinner
Metropolitan,Pinner,Northwood Hills
Metropolitan,Northwood Hills,Northwood
Metropolitan,Moor Park,Croxley
Metropolitan,Moor Park,Rickmansworth
Metropolitan,Croxley,Watford
Metropolitan,Harrow-on-the-Hill,West Harrow
Metropolitan,Northwick Park,Harrow-on-the-Hill
Metropolitan,Barbican,Farringdon
Metropolitan,Liverpool Street,Moorgate
Metropolitan,Moorgate,Barbican
Metropolitan,Farringdon,Kings Cross St. Pancras
Metropolitan,Kings Cross St. Pancras,Euston Square
Metropolitan,Euston Square,Great Portland Street
Metropolitan,Great Portland Street,Baker Street
Metropolitan,Baker Street,Finchley Road
Metropolitan,Rickmansworth,Chorleywood
Metropolitan,Wembley Park,Preston Road
Metropolitan,Preston Road,Northwick Park
Metropolitan,Aldgate,Liverpool Street
Metropolitan,Northwood,Moor Park
Northern,Hendon Central,Colindale
Northern,Brent Cross,Hendon Central
Northern,Golders Green,Brent Cross
Northern,Hampstead,Golders Green
Northern,Belsize Park,Hampstead
Northern,Chalk Farm,Belsize Park
Northern,Camden Town,Chalk Farm
Northern,Euston,Camden Town
Northern,Mornington Crescent,Camden Town
Northern,Euston,Mornington Crescent
Northern,Warren Street,Euston
Northern,Colindale,Burnt Oak
Northern,Burnt Oak,Edgware
Northern,Totteridge and Whetstone,High Barnet
Northern,Woodside Park,Totteridge and Whetstone
Northern,West Finchley,Woodside Park
Northern,Finchley Central,West Finchley
Northern,East Finchley,Finchley Central
Northern,East Finchley,Mill Hill East
Northern,Highgate,East Finchley
Northern,Archway,Highgate
Northern,Tufnell Park,Archway
Northern,Kentish Town,Tufnell Park
Northern,Camden Town,Kentish Town
Northern,Goodge Street,Warren Street
Northern,Morden,South Wimbledon
Northern,Kennington,Elephant and Castle
Northern,Oval,Kennington
Northern,Stockwell,Oval
Northern,Clapham North,Stockwell
Northern,Clapham Common,Clapham North
Northern,Clapham South,Clapham Common
Northern,Balham,Clapham South
Northern,Tooting Bec,Balham
Northern,Tooting Broadway,Tooting Bec
Northern,Colliers Wood,Tooting Broadway
Northern,South Wimbledon,Colliers Wood
Northern,Elephant and Castle,Borough
Northern,Borough,London Bridge
Northern,Tottenham Court Road,Goodge Street
Northern,Leicester Square,Tottenham Court Road
Northern,Charing Cross,Leicester Square
Northern,Embankment,Charing Cross
Northern,Waterloo,Embankment
Northern,Kennington,Waterloo
Northern,Kings Cross St. Pancras,Euston
Northern,London Bridge,Bank
Northern,Bank,Moorgate
Northern,Moorgate,Old Street
Northern,Old Street,Angel
Northern,Angel,Kings Cross St. Pancras
Overground,Wanstead Park,Woodgrange Park
Overground,Woodgrange Park,Barking
Overground,Highbury and Islington,Canonbury
Overground,Canonbury,Dalston Junction
Overground,Dalston Junction,Haggerston
Overground,Haggerston,Hoxton
Overground,Hoxton,Shoreditch High Street
Overground,Shoreditch High Street,Whitechapel
Overground,Leytonstone High Road,Wanstead Park
Overground,Leyton Midland Road,Leytonstone High Road
Overground,Walthamstow Queens Road,Leyton Midland Road
Overground,West Brompton,Imperial Wharf
Overground,Imperial Wharf,Clapham Junction
Overground,Gospel Oak,Upper Holloway
Overground,Upper Holloway,Crouch Hill
Overground,Crouch Hill,Harringay Green Lanes
Overground,Harringay Green Lanes,South Tottenham
Overground,South Tottenham,Blackhorse Road
Overground,Blackhorse Road,Walthamstow Queens Road
Overground,Whitechapel,Shadwell
Overground,Shadwell,Wapping
Overground,Wapping,Rotherhithe
Overground,Anerley,Norwood Junction
Overground,Norwood Junction,West Croydon
Overground,Sydenham,Crystal Palace
Overground,Surrey Quays,Queens Road Peckham
Overground,Queens Road Peckham,Peckham Rye
Overground,Peckham Rye,Denmark Hill
Overground,Denmark Hill,Clapham High Street
Overground,Clapham High Street,Wandsworth Road
Overground,Penge West,Anerley
Overground,Sydenham,Penge West
Overground,Rotherhithe,Canada Water
Overground,Canada Water,Surrey Quays
Overground,Surrey Quays,New Cross
Overground,Surrey Quays,New Cross Gate
Overground,New Cross Gate,Brockley
Overground,Brockley,Honor Oak Park
Overground,Honor Oak Park,Forest Hill
Overground,Forest Hill,Sydenham
Overground,Wandsworth Road,Clapham Junction
Overground,Watford Junction,Watford High Street
Overground,Harlesden,Willesden Junction
Overground,Willesden Junction,Kensal Green
Overground,Kensal Green,Queens Park
Overground,Queens Park,Kilburn High Road
Overground,Kilburn High Road,South Hampstead
Overground,South Hampstead,Euston
Overground,Richmond,Kew Gardens
Overground,Kew Gardens,Gunnersbury
Overground,Stonebridge Park,Harlesden
Overground,Wembley Central,Stonebridge Park
Overground,North Wembley,Wembley Central
Overground,Watford High Street,Bushey
Overground,Bushey,Carpenders Park
Overground,Carpenders Park,Hatch End
Overground,Hatch End,Headstone Lane
Overground,Headstone Lane,Harrow and Wealdstone
Overground,Harrow and Wealdstone,Kenton
Overground,Kenton,South Kenton
Overground,South Kenton,North Wembley
Overground,Gunnersbury,South Acton
Overground,South Acton,Acton Central
Overground,Caledonian Road and Barnsbury,Highbury and Islington
Overground,Canonbury,Dalston Kingsland
Overground,Dalston Kingsland,Hackney Central
Overground,Hackney Central,Homerton
Overground,Homerton,Hackney Wick
Overground,Hackney Wick,Stratford
Overground,Willesden Junction,Shepherds Bush
Overground,Shepherds Bush,Kensington (Olympia)
Overground,Camden Road,Caledonian Road and Barnsbury
Overground,Kentish Town West,Camden Road
Overground,Gospel Oak,Kentish Town West
Overground,Acton Central,Willesden Junction
Overground,Willesden Junction,Kensal Rise
Overground,Kensal Rise,Brondesbury Park
Overground,Brondesbury Park,Brondesbury
Overground,Brondesbury,West Hampstead
Overground,West Hampstead,Finchley Road and Frognal
Overground,Finchley Road and Frognal,Hampstead Heath
Overground,Hampstead Heath,Gospel Oak
Overground,Kensington (Olympia),West Brompton
Piccadilly,South Harrow,Sudbury Hill
Piccadilly,South Harrow,Rayners Lane
Piccadilly,Turnpike Lane,Manor House
Piccadilly,Manor House,Finsbury Park
Piccadilly,Finsbury Park,Arsenal
Piccadilly,Knightsbridge,South Kensington
Piccadilly,Arsenal,Holloway Road
Piccadilly,Wood Green,Turnpike Lane
Piccadilly,Bounds Green,Wood Green
Piccadilly,Arnos Grove,Bounds Green
Piccadilly,Southgate,Arnos Grove
Piccadilly,Oakwood,Southgate
Piccadilly,Cockfosters,Oakwood
Piccadilly,Earls Court,Barons Court
Piccadilly,Holloway Road,Caledonian Road
Piccadilly,Caledonian Road,Kings Cross St. Pancras
Piccadilly,Hillingdon,Uxbridge
Piccadilly,Hatton Cross,Heathrow Terminal 4
Piccadilly,Hatton Cross,Heathrow Terminals 1 2 3
Piccadilly,Hounslow West,Hatton Cross
Piccadilly,Hounslow Central,Hounslow West
Piccadilly,Osterley,Hounslow East
Piccadilly,Boston Manor,Osterley
Piccadilly,Northfields,Boston Manor
Piccadilly,South Ealing,Northfields
Piccadilly,Acton Town,South Ealing
Piccadilly,Heathrow Terminals 1 2 3,Heathrow Terminal 4
Piccadilly,Heathrow Terminals 1 2 3,Heathrow Terminal 5
Piccadilly,Acton Town,Ealing Common
Piccadilly,Ickenham,Hillingdon
Piccadilly,Ruislip,Ickenham
Piccadilly,Ruislip Manor,Ruislip
Piccadilly,Eastcote,Ruislip Manor
Piccadilly,Sudbury Town,Sudbury Hill
Piccadilly,Alperton,Sudbury Town
Piccadilly,Park Royal,Alperton
Piccadilly,North Ealing,Park Royal
Piccadilly,Ealing Common,North Ealing
Piccadilly,Rayners Lane,Eastcote
Piccadilly,Barons Court,Hammersmith (District)
Piccadilly,Hammersmith (District),Turnham Green
Piccadilly,Hyde Park Corner,Knightsbridge
Piccadilly,Green Park,Hyde Park Corner
Piccadilly,Piccadilly Circus,Green Park
Piccadilly,Gloucester Road,Earls Court
Piccadilly,Leicester Square,Piccadilly Circus
Piccadilly,Covent Garden,Leicester Square
Piccadilly,Hounslow East,Hounslow Central
Piccadilly,Turnham Green,Acton Town
Piccadilly,Holborn,Covent Garden
Piccadilly,Russell Square,Holborn
Piccadilly,Kings Cross St. Pancras,Russell Square
Piccadilly,South Kensington,Gloucester Road
Tramlink,Beckenham Road,Beckenham Junction
Tramlink,Avenue Road,Beckenham Road
Tramlink,Birkbeck,Avenue Road
Tramlink,Harrington Road,Birkbeck
Tramlink,Arena,Harrington Road
Tramlink,Woodside,Arena
Tramlink,Blackhorse Lane,Woodside
Tramlink,Addiscombe,Blackhorse Lane
Tramlink,Arena,Elmers End
Tramlink,Sandilands,Lloyd Park
Tramlink,George Street,Church Street
Tramlink,East Croydon,George Street
Tramlink,King Henry's Drive,New Addington
Tramlink,Fieldway,King Henry's Drive
Tramlink,Addington Village,Fieldway
Tramlink,Gravel Hill,Addington Village
Tramlink,Coombe Lane,Gravel Hill
Tramlink,Lloyd Park,Coombe Lane
Tramlink,Sandilands,Addiscombe
Tramlink,Lebanon Road,Sandilands
Tramlink,Mitcham Junction,Beddington Lane
Tramlink,Mitcham,Mitcham Junction
Tramlink,Belgrave Walk,Mitcham
Tramlink,Phipps Bridge,Belgrave Walk
Tramlink,Morden Road,Phipps Bridge
Tramlink,Merton Park,Morden Road
Tramlink,Dundonald Road,Merton Park
Tramlink,Wimbledon,Dundonald Road
Tramlink,Beddington Lane,Therapia Lane
Tramlink,Therapia Lane,Ampere Way
Tramlink,East Croydon,Lebanon Road
Tramlink,Wellesley Road,East Croydon
Tramlink,West Croydon,Wellesley Road
Tramlink,Centrale,West Croydon
Tramlink,Reeves Corner,Centrale
Tramlink,Wandle Park,Reeves Corner
Tramlink,Waddon Marsh,Wandle Park
Tramlink,Ampere Way,Waddon Marsh
Tramlink,Church Street,Centrale
Victoria,Walthamstow Central,Blackhorse Road
Victoria,Seven Sisters,Finsbury Park
Victoria,Stockwell,Brixton
Victoria,Tottenham Hale,Seven Sisters
Victoria,Blackhorse Road,Tottenham Hale
Victoria,Finsbury Park,Highbury and Islington
Victoria,Warren Street,Oxford Circus
Victoria,Oxford Circus,Green Park
Victoria,Green Park,Victoria
Victoria,Kings Cross St. Pancras,Warren Street
Victoria,Victoria,Pimlico
Victoria,Pimlico,Vauxhall
Victoria,Vauxhall,Stockwell
Victoria,Highbury and Islington,Kings Cross St. Pancras
Waterloo and City,Waterloo,Bank
