NAME,ADDRESS
Station 32,800 SADDLETOWNE CI NE
Station 15,6328 35 AV NW
Station 7,2708 4 ST NW
Station 25,4705 76 AV SE
Station 41,3790 SETON DR SE
Station 14,9840 HORTON RD SW
Station 26,450 MIDPARK WY SE
Station 34,1 ROYAL BIRCH HL NW
Station 12,123 44 ST SE
Station 5,3129 14 ST SW
Station 1,450 1 ST SE
Station 40,12920 SYMONS VALLEY RD NW
Station 38,3 SKYVIEW SPRINGS CV NE
Station 21,209 SILVERGROVE DR NW
Station 16 HQ,4124 11 ST SE
Station 23,2727 26 AV SE
Station 33,3800 69 ST SW
Station 2,1010 10 AV SW
Station 10,1909 16 AV NW
Station 35,11280 VALLEY RIDGE BV NW
Station 31,11955 COUNTRY VILLAGE LI  NE
Station 19,13807 PARKLAND BV SE
Station 8,1720 45 ST SW
Station 39,4199 114 AV SE
Station 30,6 McKENZIE TOWNE GA SE
Station 24,2607 106 AV SW
Station 11,5506 4 ST SW
Station 13,2021 78 AV NE
Station 18,415 68 AV NW
Station 20,2800 PEACEKEEPERS WY SW
Station 6,360 8 ST SW
Station 28,7925 EDGEMONT BV NW
Station 22,7199 TEMPLE DR NE
Station 29,7027 COACH HILL RD SW
Station 37,2511 EVERSYDE AV SW
Station 4,1991 18 AV NE
Station 17,3740 32 AV NW
Station 36,10071 HIDDEN VALLEY DR NW
Station 9,2515 78 AV SE
